Date,Trading Returns (%)
2017-05-01,0.0
2017-05-02,0.8387016282572342
2017-05-03,-1.0216451756525744
2017-05-04,-0.5645895971048327
2017-05-05,-0.8163885413110269
2017-05-08,-0.013859601019093153
2017-05-09,1.2910177096216076
2017-05-10,-0.03419065238526493
2017-05-11,0.3147831444353174
2017-05-12,0.7959328954302881
2017-05-15,-0.4294126825807357
2017-05-16,-0.21894431597787034
2017-05-17,-0.0
2017-05-18,0.1466181047315403
2017-05-19,0.641604522592191
2017-05-22,0.7750828797924102
2017-05-23,-0.21008452487729276
2017-05-24,0.4266257621166428
2017-05-25,0.9459739928736093
2017-05-26,0.05095024930479862
2017-05-30,-1.4871621119647624
2017-05-31,-0.8308741193704265
2017-06-01,0.7632089813294125
2017-06-02,1.0141067216508979
2017-06-05,0.31846794480280827
2017-06-06,-1.31477828348631
2017-06-07,0.25599704147390434
2017-06-08,0.6003839706284485
2017-06-09,-2.4133125921728835
2017-06-12,-1.3736620232444225
2017-06-13,1.5363075832954043
2017-06-14,-0.32735788051251136
2017-06-15,-1.3111003444352565
2017-06-16,1.3436769014367818
2017-06-19,0.8886595762568246
2017-06-20,-0.5006026735459561
2017-06-21,0.5762543365666117
2017-06-22,-0.22331862667683647
2017-06-23,0.021109576228893
2017-06-26,-0.13523379032964006
2017-06-27,-1.6290176811460702
2017-06-28,0.5877020073356923
2017-06-29,-1.6562505898468083
2017-06-30,-1.3382995750037705
2017-07-03,-0.9551698341507134
2017-07-05,0.34216790950599335
2017-07-06,-0.5131623532506198
2017-07-07,0.35777779764897266
2017-07-10,0.47181523145230125
2017-07-11,0.14950807570681124
2017-07-12,1.2326472004736133
2017-07-13,0.8520271270712532
2017-07-14,0.04741095377904981
2017-07-17,-1.845246979948136
2017-07-18,2.015797856409986
2017-07-19,-6.47991032482691
2017-07-20,-0.47796873027391623
2017-07-21,2.344993998641089
2017-07-24,-0.9432670747760126
2017-07-25,-0.616495414232837
2017-07-26,0.07101551166845962
2017-07-27,-1.2429183492687679
2017-07-28,-0.5204288982804746
2017-07-31,-0.8904163797256984
2017-08-01,-0.2667491692416812
2017-08-02,0.5130796798318904
2017-08-03,-0.8027988558265272
2017-08-04,0.6823404484059177
2017-08-07,1.003001904663862
2017-08-08,-1.0001551658242145
2017-08-09,-0.7155133893271364
2017-08-10,-0.0
2017-08-11,1.1177631141286302
2017-08-14,0.33927877377483706
2017-08-15,-0.7687560773006679
2017-08-16,0.45683279910036323
2017-08-17,-0.944287134805849
2017-08-18,-0.025676971099721408
2017-08-21,-0.10624278348202268
2017-08-22,0.685919683454576
2017-08-23,-0.1296218111432249
2017-08-24,0.03943491471901463
2017-08-25,-0.17584004736065545
2017-08-28,-0.5090296951185032
2017-08-29,0.8262177136912426
2017-08-30,1.0890448320498622
2017-08-31,0.5507930811740465
2017-09-01,-0.2546496713534537
2017-09-05,-0.5758430336149034
2017-09-06,0.46695807674986084
2017-09-07,0.43705273172873005
2017-09-08,-0.587235005695356
2017-09-11,1.02686802020104
2017-09-12,2.6276953326391532
2017-09-13,-0.5770199902724297
2017-09-14,-0.8088391614211635
2017-09-15,-0.5751565084683792
2017-09-18,0.2790289059725559
2017-09-19,-0.2133270759642314
2017-09-20,1.5776034150451295
2017-09-21,3.5422423800046863
2017-09-22,-2.7290768233806286
2017-09-25,-0.9665334798834783
2017-09-26,-0.3307877146550119
2017-09-27,-0.06292569383708478
2017-09-28,0.7788344343247523
2017-09-29,0.04999809799443587
2017-10-02,0.08345369304486597
2017-10-03,0.29732826117863653
2017-10-04,0.7825026551479872
2017-10-05,2.476922820027849
2017-10-06,0.4969814075642601
2017-10-09,-0.11156100004840094
2017-10-10,-0.35092087902408026
2017-10-11,-0.11691935627786883
2017-10-12,-0.2958582970992977
2017-10-13,1.5109359158877453
2017-10-16,0.6819605717504394
2017-10-17,-0.6427826729751137
2017-10-18,-0.6070042934411267
2017-10-19,-0.9633370041497504
2017-10-20,-0.07026921221624147
2017-10-23,-0.6222916054786383
2017-10-24,0.7602242813744885
2017-10-25,-0.7403436820890711
2017-10-26,-1.5012484608747136
2017-10-27,2.716410639383887
2017-10-30,0.11040136375090417
2017-10-31,0.11010090456992087
2017-11-01,0.12262949593120911
2017-11-02,-0.3874102491656927
2017-11-03,0.5337259807454957
2017-11-06,0.23891992341223225
2017-11-07,-0.7166237251590377
2017-11-08,0.23733548104491464
2017-11-09,0.200222652955608
2017-11-10,-0.6842007812310775
2017-11-13,0.9794756442223626
2017-11-14,-0.4389332850452897
2017-11-15,-0.09204758626963165
2017-11-16,1.8328535706046496
2017-11-17,-0.9277910979435292
2017-11-20,-0.10004881274120654
2017-11-21,2.1137596159619925
2017-11-22,-0.11684124094110496
2017-11-24,0.9693392739829887
2017-11-27,0.6439083715484999
2017-11-28,0.4148416232877298
2017-11-29,-2.7560988475966925
2017-11-30,0.3580753550595283
2017-12-01,0.7126384074073084
2017-12-04,0.660079134369181
2017-12-05,-0.8947983014380063
2017-12-06,-1.6672978868555917
2017-12-07,1.3748407584112312
2017-12-08,1.9375229250647181
2017-12-11,-0.8909887999208443
2017-12-12,-1.8196535414395845
2017-12-13,0.4543382428856638
2017-12-14,0.29316559954877064
2017-12-15,0.2845248884385106
2017-12-18,0.5799273439160184
2017-12-19,0.17180244565501707
2017-12-20,-0.4399559857852768
2017-12-21,-0.10031772063961256
2017-12-22,-0.3562850019378542
2017-12-26,0.1681230083678413
2017-12-27,-0.11979342355375085
2017-12-28,0.4871377052071097
2017-12-29,-0.4025844211682765
2018-01-02,1.722697420713685
2018-01-03,0.8773774489553132
2018-01-04,0.887233960494016
2018-01-05,0.5969944084159314
2018-01-08,0.3897644462988126
2018-01-09,-0.6368617769317964
2018-01-10,0.0014391036959160476
2018-01-11,1.0868144424916883
2018-01-12,0.7045143835445004
2018-01-16,-0.40162327780196755
2018-01-17,-0.039758152955895104
2018-01-18,0.2609478376818963
2018-01-19,0.4279183961957774
2018-01-22,2.165023518246445
2018-01-23,2.428724475022326
2018-01-24,0.07101208369170342
2018-01-25,1.010657045829529
2018-01-26,1.0246057724821234
2018-01-29,0.8068210085417008
2018-01-30,-1.3939153300055778
2018-01-31,-0.7049949828951129
2018-02-01,-1.5064941719485083
2018-02-02,-0.0
2018-02-05,-0.0
2018-02-06,0.0
2018-02-07,-0.0
2018-02-08,-0.0
2018-02-09,0.0
2018-02-12,0.0
2018-02-13,0.0
2018-02-14,0.0
2018-02-15,0.0
2018-02-16,-0.0
2018-02-20,-0.0
2018-02-21,0.0
2018-02-22,-0.0
2018-02-23,0.0
2018-02-26,1.5123135784970674
2018-02-27,-0.0
2018-02-28,-0.0
2018-03-01,-0.0
2018-03-02,0.0
2018-03-05,0.0
2018-03-06,0.0
2018-03-07,-0.0
2018-03-08,0.0
2018-03-09,1.6571726284716
2018-03-12,-0.17658798713277762
2018-03-13,-0.0
2018-03-14,0.0
2018-03-15,-0.0
2018-03-16,-0.6298933920129941
2018-03-19,-0.0
2018-03-20,0.0
2018-03-21,-0.0
2018-03-22,-0.0
2018-03-23,-0.0
2018-03-26,0.0
2018-03-27,-0.0
2018-03-28,-0.0
2018-03-29,0.0
2018-04-02,-0.0
2018-04-03,0.0
2018-04-04,0.0
2018-04-05,0.0
2018-04-06,-0.0
2018-04-09,0.0
2018-04-10,0.0
2018-04-11,0.0
2018-04-12,0.0
2018-04-13,-0.0
2018-04-16,-0.0
2018-04-17,2.0352910416695273
2018-04-18,0.03005526460498712
2018-04-19,0.3469781618073819
2018-04-20,-0.0
2018-04-23,-0.0
2018-04-24,-0.0
2018-04-25,0.0
2018-04-26,0.0
2018-04-27,0.482625841884086
2018-04-30,0.0
2018-05-01,0.23870435428579767
2018-05-02,-0.0
2018-05-03,0.0
2018-05-04,1.073460592011516
2018-05-07,1.0349891998659821
2018-05-08,0.006080931463026125
2018-05-09,0.8356784361432649
2018-05-10,-0.2831895031573347
2018-05-11,-0.20640426734233236
2018-05-14,0.6543382708026495
2018-05-15,-1.3711452763432366
2018-05-16,0.03265010254895708
2018-05-17,0.11535110558140713
2018-05-18,0.06438237634572483
2018-05-21,0.7661921432096578
2018-05-22,0.12490240620193585
2018-05-23,1.0029476418717744
2018-05-24,0.5764819389790732
2018-05-25,-0.014503227461748484
2018-05-29,-0.0
2018-05-30,0.406340664817693
2018-05-31,0.6806155288529457
2018-06-01,1.1418887707603576
2018-06-04,0.6126881739403678
2018-06-05,0.48258220925566814
2018-06-06,-0.13135395139032466
2018-06-07,-0.6589179600636152
2018-06-08,-0.37917342755927436
2018-06-11,0.7257355291013512
2018-06-12,1.2521891441256334
2018-06-13,0.3196111301355719
2018-06-14,1.202114844797005
2018-06-15,0.20202090912937637
2018-06-18,0.6571069986860966
2018-06-19,0.43748484665477305
2018-06-20,1.193110566523011
2018-06-21,-0.7600284639115163
2018-06-22,-0.1831751080334435
2018-06-25,-0.0
2018-06-26,0.0
2018-06-27,-0.0
2018-06-28,0.0
2018-06-29,0.0
2018-07-02,0.0
2018-07-03,-0.0
2018-07-05,1.277377987486002
2018-07-06,1.1227125886961176
2018-07-09,1.022748473188606
2018-07-10,-0.8553469073922144
2018-07-11,0.8764484316995891
2018-07-12,0.5995557386069975
2018-07-13,-0.4524303419765433
2018-07-16,0.7555330469538898
2018-07-17,-0.5347119450201591
2018-07-18,-0.08423147085844056
2018-07-19,-1.2363481860807712
2018-07-20,-0.1940011384762204
2018-07-23,0.24338614876026066
2018-07-24,0.9413587409622077
2018-07-25,1.3025277355143212
2018-07-26,0.26285666682656267
2018-07-27,-0.8145122076850642
2018-07-30,-1.7753966473047185
2018-07-31,-0.26207308350909553
2018-08-01,0.5610475415263051
2018-08-02,0.8629330460067345
2018-08-03,0.36884435277641514
2018-08-06,0.3200054405896805
2018-08-07,0.13305765075467363
2018-08-08,-0.2181874907526027
2018-08-09,0.24223112451336828
2018-08-10,-0.37753063008468446
2018-08-13,-0.0
2018-08-14,-0.1578099473234303
2018-08-15,-0.0
2018-08-16,0.5354125503192826
2018-08-17,-2.10431665686045
2018-08-20,1.0799738901634013
2018-08-21,0.6836034613358576
2018-08-22,1.4328633049303228
2018-08-23,-0.24750282582008393
2018-08-24,0.8155438403475952
2018-08-27,0.49282687884294274
2018-08-28,0.11669166174305501
2018-08-29,0.8100215389152492
2018-08-30,0.6192551476017253
2018-08-31,-0.7709911936384131
2018-09-04,0.1635244283499685
2018-09-05,-2.703801941138713
2018-09-06,-0.0
2018-09-07,0.0
2018-09-10,-0.399441409494337
2018-09-11,0.35004319845781673
2018-09-12,-0.4754705847633469
2018-09-13,0.6229426308315262
2018-09-14,-0.13887417287899437
2018-09-17,-1.8490374561067169
2018-09-18,1.6683051452915894
2018-09-19,-0.6087008697541658
2018-09-20,0.22277416986776394
2018-09-21,-0.9742811521219734
2018-09-24,0.6524543334069431
2018-09-25,0.4860237813996101
2018-09-26,0.23925763770981656
2018-09-27,0.8314463337436055
2018-09-28,-0.2520043263419443
2018-10-01,0.7920068268301864
2018-10-02,-0.7368055894443614
2018-10-03,0.691951251291976
2018-10-04,-0.47387454978832605
2018-10-05,-0.0
2018-10-08,-0.0
2018-10-09,-0.0
2018-10-10,-0.0
2018-10-11,-0.0
2018-10-12,0.0
2018-10-15,-0.0
2018-10-16,0.0
2018-10-17,0.0
2018-10-18,-0.0
2018-10-19,-0.0
2018-10-22,-0.0
2018-10-23,0.0
2018-10-24,-0.0
2018-10-25,0.0
2018-10-26,-0.0
2018-10-29,-0.0
2018-10-30,0.0
2018-10-31,0.0
2018-11-01,0.0
2018-11-02,-0.0
2018-11-05,-0.0
2018-11-06,-0.0
2018-11-07,0.0
2018-11-08,-0.0
2018-11-09,-0.0
2018-11-12,-0.0
2018-11-13,-0.0
2018-11-14,-0.0
2018-11-15,-0.0
2018-11-16,0.0
2018-11-19,-0.0
2018-11-20,-0.0
2018-11-21,-0.0
2018-11-23,-0.0
2018-11-26,0.0
2018-11-27,0.0
2018-11-28,0.0
2018-11-29,0.0
2018-11-30,0.0
2018-12-03,0.0
2018-12-04,-0.0
2018-12-06,0.0
2018-12-07,-0.0
2018-12-10,0.0
2018-12-11,-0.0
2018-12-12,0.0
2018-12-13,-0.0
2018-12-14,-0.0
2018-12-17,-0.0
2018-12-18,0.0
2018-12-19,-0.0
2018-12-20,-0.0
2018-12-21,-0.0
2018-12-24,-0.0
2018-12-26,0.0
2018-12-27,0.0
2018-12-28,0.0
2018-12-31,0.0
2019-01-02,0.0
2019-01-03,-0.0
2019-01-04,0.0
2019-01-07,0.0
2019-01-08,0.0
2019-01-09,-0.0
2019-01-10,-0.0
2019-01-11,0.0
2019-01-14,-0.0
2019-01-15,0.0
2019-01-16,0.0
2019-01-17,-0.0
2019-01-18,-0.0
2019-01-22,-0.0
2019-01-23,-0.0
2019-01-24,0.0
2019-01-25,0.0
2019-01-28,-0.0
2019-01-29,-0.0
2019-01-30,0.0
2019-01-31,0.0
2019-02-01,-0.0
2019-02-04,2.893042543588083
2019-02-05,0.04213732192597428
2019-02-06,-0.563062881035925
2019-02-07,-0.0
2019-02-08,-0.6324870182845961
2019-02-11,-0.0
2019-02-12,2.2629774565260643
2019-02-13,-0.3282709096457429
2019-02-14,-0.0
2019-02-15,-0.6356462860405808
2019-02-19,0.6370401895616994
2019-02-20,-0.19183289230134865
2019-02-21,0.5629467128694385
2019-02-22,0.3707683577781673
2019-02-25,-0.1323609856400787
2019-02-26,-0.05270555800891419
2019-02-27,0.032598107513000706
2019-02-28,-0.22958434895370416
2019-03-01,0.9233864051424993
2019-03-04,0.5952070067445174
2019-03-05,0.8720555714441969
2019-03-06,-0.0
2019-03-07,-0.0
2019-03-08,-0.0
2019-03-11,2.1758525527417674
2019-03-12,0.4540392430531189
2019-03-13,-0.3294548713294098
2019-03-14,-0.03566053758812433
2019-03-15,1.733646928259086
2019-03-18,0.9386862827485023
2019-03-19,-0.3333376403818126
2019-03-20,4.203739530797514
2019-03-21,0.12984417572934337
2019-03-22,-0.0
2019-03-25,0.0
2019-03-26,-0.7120484809178428
2019-03-27,-0.9896875885079646
2019-03-28,0.06634481126208311
2019-03-29,1.1488132494988625
2019-04-01,0.46162900441938565
2019-04-02,-0.04310924803505962
2019-04-03,-0.0923917270377069
2019-04-04,0.004696397651021692
2019-04-05,-0.15698504029885893
2019-04-08,-0.2949568062241133
2019-04-09,-0.3440053045114115
2019-04-10,0.18004033612541065
2019-04-11,-0.6139729141101352
2019-04-12,-1.7812201465048232
2019-04-15,0.2567340498105604
2019-04-16,0.6886618396839869
2019-04-17,-0.6146687502415685
2019-04-18,0.26242225718883605
2019-04-22,0.786609393755779
2019-04-23,1.0680497517086032
2019-04-24,-0.8703051546192626
2019-04-25,-0.5909691809156107
2019-04-26,1.5158523694419834
2019-04-29,0.07399099659563718
2019-04-30,-0.6712385529199838
2019-05-01,-0.16915460075193803
2019-05-02,-0.9855928014968114
2019-05-03,2.240298663429559
2019-05-06,-0.0
2019-05-07,-0.0
2019-05-08,0.0
2019-05-09,-0.0
2019-05-10,-0.0
2019-05-13,-0.0
2019-05-14,-0.0
2019-05-15,0.0
2019-05-16,0.7968248245785385
2019-05-17,-0.0
2019-05-20,-0.0
2019-05-21,0.3066876479719297
2019-05-22,0.7791778192187347
2019-05-23,-0.0
2019-05-24,0.0
2019-05-28,-0.0
2019-05-29,-0.0
2019-05-30,0.0
2019-05-31,-0.0
2019-06-03,-0.0
2019-06-04,0.0
2019-06-05,-0.0
2019-06-06,0.12567290672551207
2019-06-07,0.0
2019-06-10,0.08012406439783887
2019-06-11,-0.0
2019-06-12,-0.4044883442944217
2019-06-13,1.0232042444476193
2019-06-14,-0.6220069961236695
2019-06-17,1.7925318282463132
2019-06-18,0.8140930929051585
2019-06-19,0.07146770855203101
2019-06-20,0.8277888989123181
2019-06-21,-0.39442002258522163
2019-06-24,0.5873781804002202
2019-06-25,-1.7009366816051363
2019-06-26,0.1778540780148922
2019-06-27,0.14452814141240702
2019-06-28,0.02050612379478716
2019-07-01,1.5843536918335506
2019-07-02,1.2561971112925063
2019-07-03,0.045028270668991614
2019-07-05,0.358776837206289
2019-07-08,-0.4051657851378768
2019-07-09,1.431250003710216
2019-07-10,0.7025005543136158
2019-07-11,-0.08595145068770088
2019-07-12,-0.03972188628491578
2019-07-15,-0.4530763707835542
2019-07-16,-1.2662614863452473
2019-07-17,-0.8084624294984688
2019-07-18,-1.6796756855506356
2019-07-19,-1.5945688390169335
2019-07-22,0.1342565209635438
2019-07-23,1.3959955142400116
2019-07-24,-0.03937141057764512
2019-07-25,0.3898900879989601
2019-07-26,1.469019936684468
2019-07-29,-1.0002796160671514
2019-07-30,1.5837969046720592
2019-07-31,-1.2007579288253762
2019-08-01,-0.0
2019-08-02,0.0
2019-08-05,-0.0
2019-08-06,-0.0
2019-08-07,-0.0
2019-08-08,2.0270436968601535
2019-08-09,-0.9156283028380046
2019-08-12,-0.0
2019-08-13,-0.643592134306268
2019-08-14,-0.0
2019-08-15,-0.0
2019-08-16,0.0
2019-08-19,0.658677483473119
2019-08-20,-0.2401828089525992
2019-08-21,0.17878992920069375
2019-08-22,-0.6053488966803946
2019-08-23,-0.0
2019-08-26,0.0
2019-08-27,-0.0
2019-08-28,-0.0
2019-08-29,0.8501327402038664
2019-08-30,0.0
2019-09-03,-0.0
2019-09-04,2.5055143596310963
2019-09-05,1.0316359313889076
2019-09-06,1.2891105521968351
2019-09-09,-0.6197824287705673
2019-09-10,-0.06044207605586106
2019-09-11,0.7434721976498377
2019-09-12,0.6898958222362823
2019-09-13,-0.6358497184512072
2019-09-16,2.858970517186243
2019-09-17,-1.0563670773542235
2019-09-18,-1.8091543698090535
2019-09-19,-0.18154203214011583
2019-09-20,-1.3469594397899833
2019-09-23,0.9987648708062272
2019-09-24,-3.0425129135467484
2019-09-25,1.0633362330740526
2019-09-26,-0.8742551175212738
2019-09-27,0.0522967844596933
2019-09-30,0.4524586028446834
2019-10-01,0.0
2019-10-02,-0.0
2019-10-03,-0.0
2019-10-04,2.331609810711225
2019-10-07,-0.5239057475060686
2019-10-08,-0.0
2019-10-09,-0.0
2019-10-10,1.075420422043821
2019-10-11,1.3463410673728047
2019-10-14,0.6712643471986985
2019-10-15,-0.16005671171716027
2019-10-16,1.519409921567853
2019-10-17,-0.5714025071364481
2019-10-18,-1.5818539668964127
2019-10-21,0.4955254105349193
2019-10-22,-1.806872884085723
2019-10-23,0.9128242864712625
2019-10-24,0.37673431698683385
2019-10-25,-0.5904779425158435
2019-10-28,0.19067697435742328
2019-10-29,-0.008418660774667233
2019-10-30,0.9149875158326178
2019-10-31,0.7715846851971038
2019-11-01,2.3484723983039686
2019-11-04,2.0154520117618606
2019-11-05,-0.6681457882900531
2019-11-06,-0.3721152890749405
2019-11-07,-0.06509964901186646
2019-11-08,0.2647650684880117
2019-11-11,-1.3958833199591067
2019-11-12,0.8432217122430438
2019-11-13,-0.8898696796674525
2019-11-14,-0.08072509282768629
2019-11-15,1.614928730661841
2019-11-18,5.046671677695098
2019-11-19,-1.7449533477507013
2019-11-20,-0.871401574052664
2019-11-21,2.5247080110266515
2019-11-22,0.4405867260896829
2019-11-25,1.904831986828548
2019-11-26,0.10520713556434098
2019-11-27,0.5016074144066461
2019-11-29,0.2701567539581858
2019-12-02,-1.8079900303829701
2019-12-03,-0.5719829384291201
2019-12-04,1.2293128724309192
2019-12-05,-0.4298511324681046
2019-12-06,2.873149717768697
2019-12-09,3.9151485894130493
2019-12-10,-0.8305661434110823
2019-12-11,-2.447400941504315
2019-12-12,0.7208027007625054
2019-12-13,0.2565357388817172
2019-12-16,-0.6047471085084909
2019-12-17,-0.09981506180370973
2019-12-18,0.7520361081542674
2019-12-19,1.0998494858943404
2019-12-20,-1.3904409940448355
2019-12-23,0.23090995937063985
2019-12-24,-0.10273937206988029
2019-12-26,1.5758553627685559
2019-12-27,-0.18318409903442429
2019-12-30,4.044348654509232
2019-12-31,-1.04866750541458
2020-01-02,1.1319511249888559
2020-01-03,-1.2169611457764775
2020-01-06,2.2915073081367088
2020-01-07,0.26385602070535347
2020-01-08,1.0512734406221544
2020-01-09,1.0156911705916296
2020-01-10,3.127887687597893
2020-01-13,-1.3496991090124382
2020-01-14,-1.5488474709227926
2020-01-15,-0.2064014759279864
2020-01-16,0.372680576726303
2020-01-17,1.9281132430548225
2020-01-21,-0.22295230111410436
2020-01-22,-1.059218572052654
2020-01-23,1.6825612506688996
2020-01-24,-0.7822448321911941
2020-01-27,-1.1506703942957812
2020-01-28,-0.21167918643169395
2020-01-29,0.24271626153377818
2020-01-30,-0.4916066313928825
2020-01-31,-0.6501719644697053
2020-02-03,1.5642983251951494
2020-02-04,2.476370981448857
2020-02-05,-0.09200221542684142
2020-02-06,0.38090839656227027
2020-02-07,0.21105635466187783
2020-02-10,0.651508664235495
2020-02-11,0.7336382663656087
2020-02-12,1.0135844468657895
2020-02-13,-0.12807616614506728
2020-02-14,-0.07543550491584763
2020-02-18,-0.20826991478331558
2020-02-19,0.690769196693621
2020-02-20,-1.376896630735667
2020-02-21,-0.5188368116716284
2020-02-24,-0.0
2020-02-25,-0.0
2020-02-26,-0.0
2020-02-27,-0.0
2020-02-28,-0.0
2020-03-02,0.0
2020-03-03,-0.0
2020-03-04,0.0
2020-03-05,-0.0
2020-03-06,-0.0
2020-03-09,-0.0
2020-03-10,0.0
2020-03-11,-0.0
2020-03-12,-0.0
2020-03-13,0.0
2020-03-16,-0.0
2020-03-17,0.0
2020-03-18,-0.0
2020-03-19,0.0
2020-03-20,-0.0
2020-03-23,0.0
2020-03-24,0.0
2020-03-25,0.0
2020-03-26,0.0
2020-03-27,-0.0
2020-03-30,0.0
2020-03-31,0.0
2020-04-01,-0.0
2020-04-02,0.0
2020-04-03,-0.0
2020-04-06,0.0
2020-04-07,0.0
2020-04-08,0.0
2020-04-09,-0.0
2020-04-13,0.0
2020-04-14,0.0
2020-04-15,0.0
2020-04-16,-0.0
2020-04-17,-0.0
2020-04-20,0.0
2020-04-21,-0.0
2020-04-22,-0.0
2020-04-23,0.0
2020-04-24,0.0
2020-04-27,-0.0
2020-04-28,-0.0
2020-04-29,0.0
2020-04-30,0.0
2020-05-01,-0.0
2020-05-04,0.0
2020-05-05,0.0
2020-05-06,0.0
2020-05-07,0.0
2020-05-08,0.0
2020-05-11,0.0
2020-05-12,-0.0
2020-05-13,0.0
2020-05-14,0.0
2020-05-15,0.0
2020-05-18,0.0
2020-05-19,0.0
2020-05-20,0.0
2020-05-21,0.0
2020-05-22,0.0
2020-05-26,0.0
2020-05-27,-0.0
2020-05-28,-0.0
2020-05-29,-0.0
2020-06-01,0.0
2020-06-02,-0.0
2020-06-03,-0.0
2020-06-04,-0.0
2020-06-05,0.0
2020-06-08,0.0
2020-06-09,0.0
2020-06-10,-0.0
2020-06-11,-0.0
2020-06-12,0.0
2020-06-15,0.0
2020-06-16,0.0
2020-06-17,-0.0
2020-06-18,0.0
2020-06-19,-0.0
2020-06-22,0.0
2020-06-23,0.0
2020-06-24,-0.0
2020-06-25,0.0
2020-06-26,-0.0
2020-06-29,0.0
2020-06-30,0.0
2020-07-01,0.0
2020-07-02,-0.0
2020-07-06,0.0
2020-07-07,-0.0
2020-07-08,0.0
2020-07-09,0.0
2020-07-10,0.0
2020-07-13,-0.0
2020-07-14,0.0
2020-07-15,0.0
2020-07-16,0.0
2020-07-17,-0.0
2020-07-20,0.0
2020-07-21,0.0
2020-07-22,-0.0
2020-07-23,-0.0
2020-07-24,-0.0
2020-07-27,0.0
2020-07-28,-0.0
2020-07-29,0.0
2020-07-30,0.0
2020-07-31,0.0
2020-08-03,-0.0
2020-08-04,0.7718994038803938
2020-08-05,0.8441675378539255
2020-08-06,-0.14069179325118528
2020-08-07,-0.9023942012335343
2020-08-10,0.13036900319569242
2020-08-11,-0.0
2020-08-12,0.9673978398917094
2020-08-13,-0.6754550243709634
2020-08-14,0.7080623464399232
2020-08-17,-0.32540707610169506
2020-08-18,1.6590837213497707
2020-08-19,-0.5871409190164285
2020-08-20,0.7732057941466013
2020-08-21,-0.7416023224598778
2020-08-24,-0.11395319387825231
2020-08-25,0.8647641603835796
2020-08-26,2.6656877031463484
2020-08-27,-0.0
2020-08-28,0.0641775944488739
2020-08-31,0.0
2020-09-01,0.0
2020-09-02,0.0
2020-09-03,-0.0
2020-09-04,-0.0
2020-09-08,-0.0
2020-09-09,0.0
2020-09-10,-0.0
2020-09-11,-0.0
2020-09-14,-0.0
2020-09-15,0.0
2020-09-16,-0.0
2020-09-17,0.0
2020-09-18,-0.0
2020-09-21,-0.0
2020-09-22,0.0
2020-09-23,-0.0
2020-09-24,0.0
2020-09-25,0.0
2020-09-28,0.0
2020-09-29,0.0
2020-09-30,0.0
2020-10-01,0.0
2020-10-02,-0.0
2020-10-05,0.0
2020-10-06,-0.0
2020-10-07,0.0
2020-10-08,0.0
2020-10-09,0.0
2020-10-12,0.0
2020-10-13,0.0
2020-10-14,-0.0
2020-10-15,-0.0
2020-10-16,-0.0
2020-10-19,-0.0
2020-10-20,0.0
2020-10-21,-0.0
2020-10-22,0.0
2020-10-23,-0.0
2020-10-26,-0.0
2020-10-27,0.0
2020-10-28,-0.0
2020-10-29,0.0
2020-10-30,-0.0
2020-11-02,0.0
2020-11-03,0.0
2020-11-04,0.0
2020-11-05,0.0
2020-11-06,-0.0
2020-11-09,-0.0
2020-11-10,-0.0
2020-11-11,0.0
2020-11-12,-0.0
2020-11-13,0.0
2020-11-16,0.36506172166219464
2020-11-17,-0.0
2020-11-18,-0.0
2020-11-19,0.0
2020-11-20,-0.0
2020-11-23,-0.0
2020-11-24,1.2147997206191048
2020-11-25,1.3357578588731267
2020-11-27,1.1253717622778343
2020-11-30,-0.17899713411695753
2020-12-01,0.6105244482576969
2020-12-02,1.8250490416906944
2020-12-03,-0.08349131469541266
2020-12-04,0.15024857425273522
2020-12-07,0.9070529393453578
2020-12-08,0.934547215489882
2020-12-09,-0.0
2020-12-10,0.0
2020-12-11,-0.0
2020-12-14,0.0
2020-12-15,0.0
2020-12-16,0.0
2020-12-17,-0.7282458140471255
2020-12-18,0.22997776743901946
2020-12-21,0.0
2020-12-22,0.0
2020-12-23,0.0
2020-12-24,-0.8136580835367317
2020-12-28,3.211332843862443
2020-12-29,-0.0
2020-12-30,-0.0
2020-12-31,2.0189179392174124
2021-01-04,-0.0
2021-01-05,-0.0
2021-01-06,-0.0
2021-01-07,1.3478143763913466
2021-01-08,1.9944393950495947
2021-01-11,0.0
2021-01-12,-0.0
2021-01-13,0.0
2021-01-14,-0.0
2021-01-15,-0.0
2021-01-19,0.0
2021-01-20,4.067937253094373
2021-01-21,0.5425270468035277
2021-01-22,-0.3283090203852571
2021-01-25,-0.0
2021-01-26,0.0
2021-01-27,-0.0
2021-01-28,0.0
2021-01-29,-0.0
2021-02-01,0.0
2021-02-02,0.0
2021-02-03,0.0
2021-02-04,0.0
2021-02-05,3.0685171746433255
2021-02-08,0.4948591819808815
2021-02-09,2.0019438871889705
2021-02-10,-0.9962229205844997
2021-02-11,0.2873795796198749
2021-02-12,-0.9083994465947969
2021-02-16,0.12559624562203203
2021-02-17,-0.0
2021-02-18,-0.0
2021-02-19,0.0
2021-02-22,-0.0
2021-02-23,-0.0
2021-02-24,0.6624414226171178
2021-02-25,-0.0
2021-02-26,-0.0
2021-03-01,0.0
2021-03-02,-0.0
2021-03-03,-0.0
2021-03-04,-0.0
2021-03-05,0.0
2021-03-08,-0.0
2021-03-09,0.0
2021-03-10,0.0
2021-03-11,0.0
2021-03-12,-0.0
2021-03-15,2.6950357434711965
2021-03-16,-0.5415539558822328
2021-03-17,0.4240742057641596
2021-03-18,-0.0
2021-03-19,0.0
2021-03-22,-0.21221777506316708
2021-03-23,0.1278652541280049
2021-03-24,-0.0
2021-03-25,-0.36301812272832756
2021-03-26,0.32066177861234113
2021-03-29,-0.0
2021-03-30,-0.21486403647200852
2021-03-31,1.8899103176895062
2021-04-01,2.281061570025298
2021-04-05,0.31146281071856763
2021-04-06,0.6455215736380285
2021-04-07,0.42785410033922566
2021-04-08,1.4660748050844643
2021-04-09,0.3723652995522149
2021-04-12,-0.7553042817484774
2021-04-13,-0.33432352704622265
2021-04-14,-0.4296187981229586
2021-04-15,0.6760313816875658
2021-04-16,-0.7981252046432685
2021-04-19,-0.02317741907356119
2021-04-20,-0.7367610605834001
2021-04-21,0.5530820452604391
2021-04-22,-0.9685356016039389
2021-04-23,0.6537288453777119
2021-04-26,1.70038361318177
2021-04-27,-0.44230864597096986
2021-04-28,0.8810886906646664
2021-04-29,0.21803014841048446
2021-04-30,-0.27251855469121455
2021-05-03,-0.5432297498036235
2021-05-04,-1.1485744828756659
2021-05-05,-0.7974574851070763
2021-05-06,-0.08643668243770536
2021-05-07,0.708394354436694
2021-05-10,-1.9529304036989232
2021-05-11,0.5059610733601726
2021-05-12,-0.0
2021-05-13,0.0
2021-05-14,1.7288396477067849
2021-05-17,0.804917257540764
2021-05-18,0.7438048385782751
2021-05-19,-0.20304125162536132
2021-05-20,1.2292023627392734
2021-05-21,-0.4344964083739818
2021-05-24,0.06414083875963347
2021-05-25,-0.20225002551211105
2021-05-26,-0.0661841635513046
2021-05-27,-0.026560102139888686
2021-05-28,0.031045507897881085
2021-06-01,0.31414123982542164
2021-06-02,-0.5010008014393534
2021-06-03,-1.2772346913229666
2021-06-04,0.5309169320573163
2021-06-07,0.6089483590535959
2021-06-08,-0.012028788859869117
2021-06-09,0.16934236496013072
2021-06-10,0.5722518699915098
2021-06-11,0.16967412806764834
2021-06-14,0.7507957787310522
2021-06-15,-1.0564430406218588
2021-06-16,-1.0194428233862796
2021-06-17,0.17067836642729223
2021-06-18,-0.22863376820473347
2021-06-21,0.3053145541379587
2021-06-22,0.9891508603394532
2021-06-23,0.6819312144574725
2021-06-24,0.0051823063514959185
2021-06-25,0.49261868624463345
2021-06-28,0.028196436001468973
2021-06-29,-0.6442783716979927
2021-06-30,-0.6962974913754526
2021-07-01,0.4435333966409309
2021-07-02,0.3719124268926991
2021-07-06,0.85031032501983
2021-07-07,-0.6043071585854024
2021-07-08,-0.04884389719116792
2021-07-09,1.1580466842629866
2021-07-12,0.6259150725751301
2021-07-13,-1.1403340363053884
2021-07-14,-0.15203819762044102
2021-07-15,-0.740571104885753
2021-07-16,-1.2128674317547994
2021-07-19,-0.0
2021-07-20,1.4416886673925653
2021-07-21,0.6171985897101586
2021-07-22,0.33783752284931945
2021-07-23,1.1936561762608635
2021-07-26,-0.29820867173092436
2021-07-27,-1.3333508735096644
2021-07-28,0.7088423849114122
2021-07-29,-0.3125235645637547
2021-07-30,-1.8634495125803747
2021-08-02,0.9860171768744057
2021-08-03,-0.8145955250753123
2021-08-04,0.06799370955285858
2021-08-05,0.7473226126329039
2021-08-06,-0.23713439903794148
2021-08-09,0.6190982871084253
2021-08-10,0.023133253844048754
2021-08-11,-0.21517178950103039
2021-08-12,-0.606397781287297
2021-08-13,-0.21248273423886682
2021-08-16,-0.4407908914951926
2021-08-17,-0.19354629684759644
2021-08-18,0.0
2021-08-19,-0.0
2021-08-20,0.9434285540476354
2021-08-23,2.2547848672081776
2021-08-24,0.7496301399846546
2021-08-25,0.3013823786972717
2021-08-26,0.2430564766247016
2021-08-27,1.5959526673721618
2021-08-30,1.200562389129071
2021-08-31,0.14739908897617077
2021-09-01,1.1047717560080659
2021-09-02,0.07234240885251597
2021-09-03,0.8733861709896649
2021-09-07,-0.3502066175585479
2021-09-08,0.2513156591876823
2021-09-09,-0.7399222187540577
2021-09-10,-1.0652794927004567
2021-09-13,-0.25253708304493283
2021-09-14,-1.2781514231757052
2021-09-15,2.633771717961904
2021-09-16,-0.6853255595997976
2021-09-17,-0.4686156923074113
2021-09-20,-0.0
2021-09-21,0.0
2021-09-22,0.598037934504612
2021-09-23,0.6239280566839218
2021-09-24,0.5198607470858336
2021-09-27,0.06743609960458417
2021-09-28,-0.0
2021-09-29,0.0
2021-09-30,-0.0
2021-10-01,0.0
2021-10-04,-0.0
2021-10-05,0.0
2021-10-06,0.9727817294988857
2021-10-07,0.04743461295172631
2021-10-08,-0.004845873938537828
2021-10-11,-0.11132929059764299
2021-10-12,-0.5678408773374073
2021-10-13,1.3567855357338139
2021-10-14,0.830679308193627
2021-10-15,0.14336258146390535
2021-10-18,0.016543169837744197
2021-10-19,-0.1130561631318842
2021-10-20,-1.0379541034288269
2021-10-21,0.9126017206309048
2021-10-22,-1.5260140699841716
2021-10-25,-0.3784596323213355
2021-10-26,0.6035620936173214
2021-10-27,0.34148861659636376
2021-10-28,0.8761375691324012
2021-10-29,0.342409445508309
2021-11-01,-0.437697531653471
2021-11-02,0.6448705281223415
2021-11-03,0.32249427158410054
2021-11-04,0.3316780283039611
2021-11-05,-0.4086587996237049
2021-11-08,0.46834831449454317
2021-11-09,0.16611745446464815
2021-11-10,-0.6081040155934785
2021-11-11,-0.11526861698228359
2021-11-12,0.7941067563333274
2021-11-15,-0.44422482338609864
2021-11-16,-0.10166911484185506
2021-11-17,0.08697776113407903
2021-11-18,-0.7476479849508535
2021-11-19,-0.575359378781387
2021-11-22,-2.2978243695008302
2021-11-23,-0.9832756021717588
2021-11-24,0.6555018825284198
2021-11-26,-0.0
2021-11-29,0.0
2021-11-30,-0.0
2021-12-01,-0.0
2021-12-02,0.0
2021-12-03,-0.0
2021-12-06,0.0
2021-12-07,0.0
2021-12-08,1.5614538740994184
2021-12-09,-0.0
2021-12-10,-0.6538046804815546
2021-12-13,-1.2453617876393912
2021-12-14,-0.0
2021-12-15,1.4663574321071235
2021-12-16,-1.1767728931611838
2021-12-17,-0.0
2021-12-20,-0.0
2021-12-21,2.8069646181213206
2021-12-22,1.8715828149254394
2021-12-23,0.5321020159500088
2021-12-27,-0.5935968798720361
2021-12-28,0.10948925697039462
2021-12-29,-0.21598723118738855
2021-12-30,0.2585981736167697
2021-12-31,-0.521498431161103
2022-01-03,2.528608922384571
2022-01-04,-2.248344423168523
2022-01-05,-1.8858488987645343
2022-01-06,-1.560432172719219
2022-01-07,-0.8738512208027331
2022-01-10,-1.0370593175266136
2022-01-11,0.6789375289332766
2022-01-12,-0.013422241136753138
2022-01-13,-1.57251884948623
2022-01-14,-0.09184583264875332
2022-01-18,-0.0
2022-01-19,-0.0
2022-01-20,-0.0
2022-01-21,-0.0
2022-01-24,-0.0
2022-01-25,-0.0
2022-01-26,0.0
2022-01-27,0.0
2022-01-28,0.0
2022-01-31,0.0
2022-02-01,0.0
2022-02-02,0.0
2022-02-03,-0.0
2022-02-04,0.0
2022-02-07,-0.0
2022-02-08,1.1489893586931827
2022-02-09,2.12833478395497
2022-02-10,-0.0
2022-02-11,-0.0
2022-02-14,0.0
2022-02-15,0.0
2022-02-16,0.0
2022-02-17,-0.0
2022-02-18,-0.0
2022-02-22,-0.0
2022-02-23,-0.0
2022-02-24,0.0
2022-02-25,0.0
2022-02-28,-0.0
2022-03-01,0.0
2022-03-02,0.0
2022-03-03,-0.0
2022-03-04,-0.0
2022-03-07,-0.0
2022-03-08,-0.0
2022-03-09,0.0
2022-03-10,-0.0
2022-03-11,-0.0
2022-03-14,-0.0
2022-03-15,0.0
2022-03-16,0.0
2022-03-17,0.0
2022-03-18,0.0
2022-03-21,0.0
2022-03-22,0.0
2022-03-23,-0.0
2022-03-24,0.036849234134894694
2022-03-25,0.13480796122095995
2022-03-28,0.6124767497551271
2022-03-29,1.0263400865764751
2022-03-30,-0.6452491859590976
2022-03-31,-1.5583052042546617
2022-04-01,0.7129503169191902
2022-04-04,1.5966504916821334
2022-04-05,-1.8815325444235507
2022-04-06,-2.968374043885016
2022-04-07,-0.683250610282569
2022-04-08,-1.4098703299409339
2022-04-11,-0.0
2022-04-12,-0.0
2022-04-13,-0.7504085157959194
2022-04-14,-1.6678460977485117
2022-04-18,-0.6322384850822687
2022-04-19,1.8852361628424703
2022-04-20,-6.32187429319583
2022-04-21,-2.2990652053708667
2022-04-22,-0.0
2022-04-25,0.0
2022-04-26,-0.0
2022-04-27,-0.0
2022-04-28,0.0
2022-04-29,-0.0
2022-05-02,0.0
2022-05-03,0.0
2022-05-04,0.0
2022-05-05,-0.0
2022-05-06,-0.0
2022-05-09,-0.0
2022-05-10,0.0
2022-05-11,-0.0
2022-05-12,0.0
2022-05-13,0.0
2022-05-16,-0.0
2022-05-17,0.0
2022-05-18,-0.0
2022-05-19,0.0
2022-05-20,-0.0
2022-05-23,0.0
2022-05-24,-0.0
2022-05-25,0.0
2022-05-26,0.0
2022-05-27,0.0
2022-05-31,0.0
2022-06-01,-0.0
2022-06-02,0.0
2022-06-03,-0.0
2022-06-06,0.0
2022-06-07,0.0
2022-06-08,0.0
2022-06-09,-0.0
2022-06-10,-0.0
2022-06-13,-0.0
2022-06-14,-0.0
2022-06-15,0.0
2022-06-16,-0.0
2022-06-17,0.0
2022-06-21,0.0
2022-06-22,0.0
2022-06-23,0.0
2022-06-24,0.0
2022-06-27,-0.0
2022-06-28,-0.0
2022-06-29,0.0
2022-06-30,-0.0
2022-07-01,0.0
2022-07-05,0.0
2022-07-06,-0.0
2022-07-07,0.0
2022-07-08,0.0
2022-07-11,-0.0
2022-07-12,0.0
2022-07-13,-0.0
2022-07-14,-0.0
2022-07-15,0.0
2022-07-18,0.0
2022-07-19,0.0
2022-07-20,0.0
2022-07-21,0.0
2022-07-22,-0.0
2022-07-25,-0.0
2022-07-26,-0.0
2022-07-27,0.0
2022-07-28,0.0
2022-07-29,0.0
2022-08-01,0.0
2022-08-02,-0.0
2022-08-03,0.0
2022-08-04,0.0
2022-08-05,-0.0
2022-08-08,0.0
2022-08-09,-0.0
2022-08-10,2.419913114071679
2022-08-11,4.315784296661162
2022-08-12,-0.06357456668001536
2022-08-15,0.718448032252265
2022-08-16,2.841105620684414
2022-08-17,0.5625733353364009
2022-08-18,-1.7203498792298377
2022-08-19,-3.131163938626887
2022-08-22,-0.0
2022-08-23,-0.0
2022-08-24,0.0
2022-08-25,0.0
2022-08-26,-0.0
2022-08-29,-0.0
2022-08-30,-0.0
2022-08-31,0.0
2022-09-01,-0.0
2022-09-02,0.0
2022-09-06,-0.0
2022-09-07,0.0
2022-09-08,-0.0
2022-09-09,0.0
2022-09-12,0.0
2022-09-13,-0.0
2022-09-14,0.0
2022-09-15,-0.0
2022-09-16,-0.0
2022-09-19,-0.0
2022-09-20,-0.0
2022-09-21,-0.0
2022-09-22,-0.0
2022-09-23,-0.0
2022-09-26,-0.0
2022-09-27,0.0
2022-09-28,0.0
2022-09-29,-0.0
2022-09-30,0.0
2022-10-03,0.0
2022-10-04,0.0
2022-10-05,-0.0
2022-10-06,0.0
2022-10-07,-0.0
2022-10-10,-0.0
2022-10-11,-0.0
2022-10-12,0.0
2022-10-13,0.0
2022-10-14,-0.0
2022-10-17,0.0
2022-10-18,0.0
2022-10-19,0.0
2022-10-20,-0.0
2022-10-21,0.0
2022-10-24,0.0
2022-10-25,0.0
2022-10-26,-0.0
2022-10-27,-0.0
2022-10-28,-0.0
2022-10-31,-0.0
2022-11-01,-0.0
2022-11-02,-0.0
2022-11-03,-0.0
2022-11-04,0.0
2022-11-07,0.0
2022-11-08,-0.0
2022-11-09,-0.0
2022-11-10,0.0
2022-11-11,0.0
2022-11-14,-0.0
2022-11-15,0.0
2022-11-16,-0.0
2022-11-17,-0.0
2022-11-18,-0.0
2022-11-21,-0.0
2022-11-22,-0.0
2022-11-23,1.9907292237284713
2022-11-25,-1.6203434570038848
2022-11-28,-0.0
2022-11-29,-0.0
2022-11-30,3.682986132684151
2022-12-01,-0.8675588187971465
2022-12-02,1.9931586157245125
2022-12-05,-3.21463077690333
2022-12-06,-0.0
2022-12-07,-0.0
2022-12-08,-0.0
2022-12-09,0.0
2022-12-12,0.0
2022-12-13,0.0
2022-12-14,-0.24926527761280717
2022-12-15,-0.0
2022-12-16,-0.0
2022-12-19,-0.0
2022-12-20,-1.5318302325823225
2022-12-21,0.9340909448854258
2022-12-22,-0.0
2022-12-23,-0.1250204346859296
2022-12-27,-0.0
2022-12-28,-0.0
2022-12-29,4.137411482965755
2022-12-30,0.0
2023-01-03,0.0
2023-01-04,2.124446347477526
2023-01-05,-0.0
2023-01-06,1.5437672406064178
2023-01-09,-0.5406134637380211
2023-01-10,2.660183986226829
2023-01-11,1.618051943410729
2023-01-12,2.166122277467841
2023-01-13,2.483232465765396
2023-01-17,0.02209791298403708
2023-01-18,-0.8572483024910575
2023-01-19,-0.36507173225014394
2023-01-20,3.7057339942200396
2023-01-23,0.32707313641510133
2023-01-24,-1.0099572946351665
2023-01-25,-0.6432487397330359
2023-01-26,2.461240649249165
2023-01-27,-0.6547661482855645
2023-01-30,-0.6997942255025295
2023-01-31,0.8309173374795623
2023-02-01,2.2386457974859715
2023-02-02,5.432785201907652
2023-02-03,-2.7759077853571923
2023-02-06,-1.6085050540950385
2023-02-07,1.5613916756621897
2023-02-08,-1.5189042695550805
2023-02-09,-2.109139965007959
2023-02-10,-0.5510039941461985
2023-02-13,1.331102755458034
2023-02-14,0.02245601057508742
2023-02-15,0.715136722625309
2023-02-16,-0.02836458228550054
2023-02-17,-1.3421850190468596
2023-02-21,-0.0
2023-02-22,-0.0
2023-02-23,-0.6960149516036647
2023-02-24,-0.0
2023-02-27,-0.848793570764587
2023-02-28,-0.011436417260659216
2023-03-01,-2.274614744256544
2023-03-02,1.1132531302135966
2023-03-03,0.4440839640537227
2023-03-06,-0.724068353094955
2023-03-07,-1.140339929656081
2023-03-08,0.21535328368510093
2023-03-09,-0.0
2023-03-10,-0.0
2023-03-13,0.0
2023-03-14,0.0
2023-03-15,0.0
2023-03-16,0.0
2023-03-17,0.0
2023-03-20,-0.0
2023-03-21,1.3046004707152485
2023-03-22,-2.479060206777043
2023-03-23,2.776757130748434
2023-03-24,0.6963968913672236
2023-03-27,-0.9918467818324986
2023-03-28,-0.8968715439200488
2023-03-29,1.2379236683752848
2023-03-30,1.3923149953876592
2023-03-31,0.8837817018647017
2023-04-03,0.08249631585312556
2023-04-04,0.18459487126893198
2023-04-05,-0.6453155353378333
2023-04-06,1.2979570709409098
2023-04-10,0.19084708177567283
2023-04-11,-0.473719103188297
2023-04-12,-1.6129196971445172
2023-04-13,2.260979448399636
2023-04-14,-0.5660357383573196
2023-04-17,-0.2001794482780428
2023-04-18,1.569542615996942
2023-04-19,0.07966609112105752
2023-04-20,0.6178504714033287
2023-04-21,-0.42811415094513217
2023-04-24,-0.17414375477320937
2023-04-25,-2.3129153982541744
2023-04-26,0.015180915692384717
2023-04-27,1.469297285751307
2023-04-28,0.5923687880683036
2023-05-01,-1.525269475325863
2023-05-02,0.2791770866603537
2023-05-03,-1.9155660113780721
2023-05-04,-0.9575331232586581
2023-05-05,0.8398358795231912
2023-05-08,1.7703062698797418
2023-05-09,0.617543951736843
2023-05-10,1.5008554452581608
2023-05-11,1.1654674755901837
2023-05-12,-0.9072360451844138
2023-05-15,-0.4813848280385945
2023-05-16,0.8554300253826659
2023-05-17,4.018166218643115
2023-05-18,0.9312670678594259
2023-05-19,0.7198089166877605
2023-05-22,-0.44006414796914545
2023-05-23,0.11607716982029086
2023-05-24,0.16120869037655938
2023-05-25,-0.25103156844626195
2023-05-26,1.799524270113767
2023-05-30,0.33841981962457657
2023-05-31,-0.02815132482255437
2023-06-01,1.3110686612296938
2023-06-02,0.3916927469915639
2023-06-05,0.7095921314188087
2023-06-06,0.1958494377166331
2023-06-07,-0.692602394718859
2023-06-08,0.7040366291667025
2023-06-09,0.07007843303733681
2023-06-12,0.6591970070701485
2023-06-13,0.5071274601292308
2023-06-14,0.18306859525964447
2023-06-15,0.7000597714813799
2023-06-16,1.4608508254583632
2023-06-20,-1.0949549584329568
2023-06-21,-1.9199078193532595
2023-06-22,1.0458231990664144
2023-06-23,-1.739124739975761
2023-06-26,-1.6316871551061558
2023-06-27,0.2283369151163061
2023-06-28,0.44970058246095823
2023-06-29,0.2155946799551315
2023-06-30,1.0690065111010856
2023-07-03,-0.162699256504036
2023-07-05,0.9859262467232862
2023-07-06,-1.609616658313917
2023-07-07,0.13707478578475576
2023-07-10,-1.1131725351063715
2023-07-11,1.242624388566941
2023-07-12,1.1693046906916933
2023-07-13,1.6357610831256344
2023-07-14,-0.49918817734524074
2023-07-17,-0.3893762633938127
2023-07-18,4.907128852369692
2023-07-19,1.3261259008214694
2023-07-20,-3.74670453765295
2023-07-21,0.2525633565491366
2023-07-24,0.20285757140835656
2023-07-25,-1.7939569621975584
2023-07-26,0.3991596762077054
2023-07-27,-0.01721127586989758
2023-07-28,1.6913321759700062
2023-07-31,1.3281997669917924
2023-08-01,-2.0431729998888666
2023-08-02,-1.2004685544952134
2023-08-03,-0.11214605188780886
2023-08-04,1.3908409759281224
2023-08-07,0.39072808441158646
2023-08-08,-0.715042362072162
2023-08-09,-1.9294714404538469
2023-08-10,0.1361051624309199
2023-08-11,-0.8347525318448363
2023-08-14,0.16828742881396425
2023-08-15,-2.338858455773649
2023-08-16,-1.005299861768083
2023-08-17,-2.0559071902132
2023-08-18,0.4319219092888756
2023-08-21,0.3876910144247422
2023-08-22,1.7598195636746843
2023-08-23,0.36930079798509674
2023-08-24,-2.214631738650587
2023-08-25,-2.3192922291778775
2023-08-28,0.3211310416129931
2023-08-29,5.0720383637672795
2023-08-30,-1.7234371521213745
2023-08-31,0.6885984855818945
2023-09-01,0.14940528642558942
2023-09-05,-0.6364892173686297
2023-09-06,-1.9963760664690264
2023-09-07,-0.3087117535443495
2023-09-08,-1.3074648293288602
2023-09-11,0.263874528743339
2023-09-12,-1.623008289340383
2023-09-13,-0.7947871590816797
2023-09-14,0.400816085066467
2023-09-15,0.7911637239954306
2023-09-18,-0.12298817667902122
2023-09-19,-0.8307250557824867
2023-09-20,-0.2968934311296966
2023-09-21,-1.7051313593465234
2023-09-22,-0.7943005345478408
2023-09-25,0.3549478445191582
2023-09-26,-1.1459678186501119
2023-09-27,0.014417272965675873
2023-09-28,0.5374394615999829
2023-09-29,0.629831025768925
2023-10-02,0.7052036506090839
2023-10-03,-1.3334469659711243
2023-10-04,1.3130417710433662
2023-10-05,0.031272921407040265
2023-10-06,1.5278948668796808
2023-10-09,0.06766416998153872
2023-10-10,1.091690961640677
2023-10-11,2.191598016806299
2023-10-12,-0.12655408441039817
2023-10-13,5.504935088800644
2023-10-16,0.279428904077796
2023-10-17,1.4910263629048202
2023-10-18,0.5991600833918603
2023-10-19,0.037482876774758006
2023-10-20,-0.9460263805082969
2023-10-23,-0.03279815970982735
2023-10-24,0.20745135322334424
2023-10-25,-4.206372153032563
2023-10-26,-1.3055690821573391
2023-10-27,1.4122764856325039
2023-10-30,1.4026597349506416
2023-10-31,-0.33184283122973207
2023-11-01,3.4221298371485167
2023-11-02,0.6873516231984029
2023-11-03,0.6240875941514419
2023-11-06,1.747539111165652
2023-11-07,-0.3284393414180723
2023-11-08,0.19527080147702475
2023-11-09,-0.5658642409550607
2023-11-10,0.13142565453215976
2023-11-13,-0.9878639486951372
2023-11-14,-4.420216605246526
2023-11-15,0.9024617476982189
2023-11-16,0.843453892425781
2023-11-17,-2.1935545165424024
2023-11-20,0.9328158719736172
2023-11-21,-1.9321601395881123
2023-11-22,1.6811809401566755
2023-11-24,1.6268941701371498
2023-11-27,-1.2155043142038022
2023-11-28,0.4947372092720688
2023-11-29,-0.20750834136996632
2023-11-30,-0.39813293117664605
2023-12-01,-1.6317054829683764
2023-12-04,0.1560248786602898
2023-12-05,1.6791205907658515
2023-12-06,-1.8460850522811694
2023-12-07,0.3560567624074381
2023-12-08,-0.2178134066884348
2023-12-11,0.003921866382037642
2023-12-12,0.24525550409985053
2023-12-13,-0.8224424308616527
2023-12-14,0.34173503685021767
2023-12-15,-0.27023517027014066
2023-12-18,1.9102789075203057
2023-12-19,-0.9972482488831126
2023-12-20,-1.3339151479762243
2023-12-21,2.815337828884296
2023-12-22,-4.014367082957881
2023-12-26,0.6562847695931018
2023-12-27,0.4576921314755141
2023-12-28,-0.4162393886154173
2023-12-29,-1.2589034408515314
2024-01-02,-1.252203695030035
2024-01-03,-1.694799845431677
2024-01-04,-1.4879959319026286
2024-01-05,1.590962489016647
2024-01-08,6.267371464550124
2024-01-09,1.054921511871861
2024-01-10,-1.1404643910462384
2024-01-11,-0.764887932506993
2024-01-12,-2.452011918536504
2024-01-16,-1.5599905591760257
2024-01-17,-1.6362597046915228
2024-01-18,0.47311995616336466
2024-01-19,1.0167558181478205
2024-01-22,0.719489137901282
2024-01-23,0.3822827216838446
2024-01-24,1.3100896306604957
2024-01-25,1.3338160631908735
2024-01-26,0.6850301679653541
2024-01-29,2.0307129706471487
2024-01-30,-1.287916564132082
2024-01-31,-1.4833097943862414
